{"cameraMode":{"drawMode":0,"name":"Shaded","section":"Shading Mode"},"sceneLighting":false,"audioPlay":false,"sceneViewState":{"showFog":true,"showMaterialUpdate":false,"showSkybox":false,"showFlares":true,"showImageEffects":true,"showParticleSystems":true},"in2DMode":false,"pivot":{"x":0.09946461766958237,"y":1.282265305519104,"z":-0.2684667408466339},"rotation":{"x":0.008123801089823246,"y":0.4303489923477173,"z":-0.003873239504173398,"w":0.9026188850402832},"size":0.6180317997932434,"orthographic":false}